<?xml version="1.0" encoding="UTF-8"?>
<project-private xmlns="http://www.netbeans.org/ns/project-private/1">
    <editor-bookmarks xmlns="http://www.netbeans.org/ns/editor-bookmarks/2" lastBookmarkId="0"/>
    <open-files xmlns="http://www.netbeans.org/ns/projectui-open-files/2">
        <group>
            <file>file:/E:/CSE/Coding%20Language/JAVA/ProjectKrypton/src/project_krypton/Free_userController.java</file>
            <file>file:/E:/CSE/Coding%20Language/JAVA/ProjectKrypton/src/project_krypton/Sym_EnController.java</file>
            <file>file:/E:/CSE/Coding%20Language/JAVA/ProjectKrypton/src/project_krypton/Project_Krypton.java</file>
            <file>file:/E:/CSE/Coding%20Language/JAVA/ProjectKrypton/src/project_krypton/Asym_De.fxml</file>
            <file>file:/E:/CSE/Coding%20Language/JAVA/ProjectKrypton/src/project_krypton/Asym_DeController.java</file>
            <file>file:/E:/CSE/Coding%20Language/JAVA/ProjectKrypton/src/project_krypton/key_gen.fxml</file>
            <file>file:/E:/CSE/Coding%20Language/JAVA/ProjectKrypton/src/project_krypton/Sign_upController.java</file>
            <file>file:/E:/CSE/Coding%20Language/JAVA/ProjectKrypton/src/project_krypton/Asym_EnController.java</file>
            <file>file:/E:/CSE/Coding%20Language/JAVA/ProjectKrypton/src/project_krypton/prim_user.fxml</file>
            <file>file:/E:/CSE/Coding%20Language/JAVA/ProjectKrypton/src/project_krypton/LoginController.java</file>
            <file>file:/E:/CSE/Coding%20Language/JAVA/ProjectKrypton/src/project_krypton/PaymentController.java</file>
            <file>file:/E:/CSE/Coding%20Language/JAVA/ProjectKrypton/src/project_krypton/Sym_DeController.java</file>
            <file>file:/E:/CSE/Coding%20Language/JAVA/ProjectKrypton/src/project_krypton/Key_genController.java</file>
            <file>file:/E:/CSE/Coding%20Language/JAVA/ProjectKrypton/src/project_krypton/Prim_userController.java</file>
            <file>file:/E:/CSE/Coding%20Language/JAVA/ProjectKrypton/src/project_krypton/File_De.fxml</file>
            <file>file:/E:/CSE/Coding%20Language/JAVA/ProjectKrypton/src/project_krypton/File_En.fxml</file>
            <file>file:/E:/CSE/Coding%20Language/JAVA/ProjectKrypton/src/project_krypton/Asym_En.fxml</file>
            <file>file:/E:/CSE/Coding%20Language/JAVA/ProjectKrypton/src/project_krypton/File_EnController.java</file>
            <file>file:/E:/CSE/Coding%20Language/JAVA/ProjectKrypton/src/project_krypton/User_profileController.java</file>
            <file>file:/E:/CSE/Coding%20Language/JAVA/ProjectKrypton/src/project_krypton/File_DeController.java</file>
        </group>
    </open-files>
</project-private>
